BIOGUIDE_ID,OFFICE,PROGRAM,SORT SUBTOTAL DESCRIPTION,SORT SEQUENCE,TRANSACTION DATE,DATA SOURCE,DOCUMENT,PAYEE,START DATE,END DATE,PURPOSE,AMOUNT
,2018 OFFICE OF THE MAJORITY LEADER,GENERAL EXPENDITURES,SUPPLIES AND MATERIALS,DETAIL,2018-04-14,AP,982232,DEER PARK,2018-03-31,2018-03-31,WATER,138.93
,2018 OFFICE OF THE MAJORITY LEADER,GENERAL EXPENDITURES,SUPPLIES AND MATERIALS,DETAIL,2018-05-16,AP,992225,CITI PCARD-READYREFRESH BY NESTLE,2018-03-29,2018-04-27,WATER,1279.05
,2018 OFFICE OF THE MAJORITY LEADER,GENERAL EXPENDITURES,SUPPLIES AND MATERIALS,DETAIL,2018-05-23,AP,992636,DEER PARK,2018-04-30,2018-04-30,WATER,202.71
,2018 OFFICE OF THE MAJORITY LEADER,GENERAL EXPENDITURES,SUPPLIES AND MATERIALS,DETAIL,2018-06-22,AP,998263,DEER PARK,2018-05-31,2018-05-31,WATER,121.83
,2018 REPUBLICAN CONFERENCE,GENERAL EXPENDITURES,SUPPLIES AND MATERIALS,DETAIL,2018-04-14,AP,982232,DEER PARK,2018-03-31,2018-03-31,WATER,354.25
,2018 REPUBLICAN CONFERENCE,GENERAL EXPENDITURES,SUPPLIES AND MATERIALS,DETAIL,2018-05-23,AP,992636,DEER PARK,2018-04-30,2018-04-30,WATER,189.58
,2018 REPUBLICAN CONFERENCE,GENERAL EXPENDITURES,SUPPLIES AND MATERIALS,DETAIL,2018-06-22,AP,998263,DEER PARK,2018-05-31,2018-05-31,WATER,404.15
,FISCAL YEAR 2018 CHIEF ADMIN OFCR OF THE HOUSE,ADMIN AND OPS,SUPPLIES AND MATERIALS,DETAIL,2018-04-05,AP,980902,HAGUE QUALITY WATER OF MD INC,2018-03-20,2018-04-19,WATER,126
,FISCAL YEAR 2018 CHIEF ADMIN OFCR OF THE HOUSE,ADMIN AND OPS,SUPPLIES AND MATERIALS,DETAIL,2018-04-14,AP,982232,DEER PARK,2018-03-31,2018-03-31,WATER,102.85
,FISCAL YEAR 2018 CHIEF ADMIN OFCR OF THE HOUSE,ADMIN AND OPS,SUPPLIES AND MATERIALS,DETAIL,2018-04-14,AP,982232,DEER PARK,2018-03-31,2018-03-31,WATER,102.95
,FISCAL YEAR 2018 CHIEF ADMIN OFCR OF THE HOUSE,ADMIN AND OPS,SUPPLIES AND MATERIALS,DETAIL,2018-04-14,AP,982232,DEER PARK,2018-03-31,2018-03-31,WATER,110.81
,FISCAL YEAR 2018 CHIEF ADMIN OFCR OF THE HOUSE,ADMIN AND OPS,SUPPLIES AND MATERIALS,DETAIL,2018-04-14,AP,982232,DEER PARK,2018-03-31,2018-03-31,WATER,136.82
,FISCAL YEAR 2018 CHIEF ADMIN OFCR OF THE HOUSE,ADMIN AND OPS,SUPPLIES AND MATERIALS,DETAIL,2018-04-14,AP,982232,DEER PARK,2018-03-31,2018-03-31,WATER,206.19
,FISCAL YEAR 2018 CHIEF ADMIN OFCR OF THE HOUSE,ADMIN AND OPS,SUPPLIES AND MATERIALS,DETAIL,2018-04-14,AP,982232,DEER PARK,2018-03-31,2018-03-31,WATER,238.83
,FISCAL YEAR 2018 CHIEF ADMIN OFCR OF THE HOUSE,ADMIN AND OPS,SUPPLIES AND MATERIALS,DETAIL,2018-04-14,AP,982232,DEER PARK,2018-03-31,2018-03-31,WATER,724.67
,FISCAL YEAR 2018 CHIEF ADMIN OFCR OF THE HOUSE,ADMIN AND OPS,SUPPLIES AND MATERIALS,DETAIL,2018-04-14,AP,982232,DEER PARK,2018-03-31,2018-03-31,WATER,1557.38
,FISCAL YEAR 2018 CHIEF ADMIN OFCR OF THE HOUSE,ADMIN AND OPS,SUPPLIES AND MATERIALS,DETAIL,2018-04-25,AP,986772,HAGUE QUALITY WATER OF MD INC,2018-04-20,2018-05-19,WATER,126
,FISCAL YEAR 2018 CHIEF ADMIN OFCR OF THE HOUSE,ADMIN AND OPS,SUPPLIES AND MATERIALS,DETAIL,2018-05-23,AP,992636,DEER PARK,2018-04-30,2018-04-30,WATER,102.85
,FISCAL YEAR 2018 CHIEF ADMIN OFCR OF THE HOUSE,ADMIN AND OPS,SUPPLIES AND MATERIALS,DETAIL,2018-05-23,AP,992636,DEER PARK,2018-04-30,2018-04-30,WATER,110.81
,FISCAL YEAR 2018 CHIEF ADMIN OFCR OF THE HOUSE,ADMIN AND OPS,SUPPLIES AND MATERIALS,DETAIL,2018-05-23,AP,992636,DEER PARK,2018-04-30,2018-04-30,WATER,119.26
,FISCAL YEAR 2018 CHIEF ADMIN OFCR OF THE HOUSE,ADMIN AND OPS,SUPPLIES AND MATERIALS,DETAIL,2018-05-23,AP,992636,DEER PARK,2018-04-30,2018-04-30,WATER,193.83
,FISCAL YEAR 2018 CHIEF ADMIN OFCR OF THE HOUSE,ADMIN AND OPS,SUPPLIES AND MATERIALS,DETAIL,2018-05-23,AP,992636,DEER PARK,2018-04-30,2018-04-30,WATER,197.95
,FISCAL YEAR 2018 CHIEF ADMIN OFCR OF THE HOUSE,ADMIN AND OPS,SUPPLIES AND MATERIALS,DETAIL,2018-05-23,AP,992636,DEER PARK,2018-04-30,2018-04-30,WATER,753.74
,FISCAL YEAR 2018 CHIEF ADMIN OFCR OF THE HOUSE,ADMIN AND OPS,SUPPLIES AND MATERIALS,DETAIL,2018-05-23,AP,992636,DEER PARK,2018-04-30,2018-04-30,WATER,1508.43
,FISCAL YEAR 2018 CHIEF ADMIN OFCR OF THE HOUSE,ADMIN AND OPS,SUPPLIES AND MATERIALS,DETAIL,2018-05-25,AP,992671,HAGUE QUALITY WATER OF MD INC,2018-05-20,2018-06-19,WATER,126
,FISCAL YEAR 2018 CHIEF ADMIN OFCR OF THE HOUSE,ADMIN AND OPS,SUPPLIES AND MATERIALS,DETAIL,2018-06-22,AP,998263,DEER PARK,2018-05-31,2018-05-31,WATER,102.95
,FISCAL YEAR 2018 CHIEF ADMIN OFCR OF THE HOUSE,ADMIN AND OPS,SUPPLIES AND MATERIALS,DETAIL,2018-06-22,AP,998263,DEER PARK,2018-05-31,2018-05-31,WATER,106.84
,FISCAL YEAR 2018 CHIEF ADMIN OFCR OF THE HOUSE,ADMIN AND OPS,SUPPLIES AND MATERIALS,DETAIL,2018-06-22,AP,998263,DEER PARK,2018-05-31,2018-05-31,WATER,190.23
,FISCAL YEAR 2018 CHIEF ADMIN OFCR OF THE HOUSE,ADMIN AND OPS,SUPPLIES AND MATERIALS,DETAIL,2018-06-22,AP,998263,DEER PARK,2018-05-31,2018-05-31,WATER,222.85
,FISCAL YEAR 2018 CHIEF ADMIN OFCR OF THE HOUSE,ADMIN AND OPS,SUPPLIES AND MATERIALS,DETAIL,2018-06-22,AP,998263,DEER PARK,2018-05-31,2018-05-31,WATER,772.7
,FISCAL YEAR 2018 CHIEF ADMIN OFCR OF THE HOUSE,ADMIN AND OPS,SUPPLIES AND MATERIALS,DETAIL,2018-06-22,AP,998263,DEER PARK,2018-05-31,2018-05-31,WATER,1652.34
,FISCAL YEAR 2018 CHIEF ADMIN OFCR OF THE HOUSE,ADMIN AND OPS,SUPPLIES AND MATERIALS,DETAIL,2018-06-27,AP,998553,HAGUE QUALITY WATER OF MD INC,2018-06-20,2018-07-19,WATER,126
,FISCAL YEAR 2017 CHIEF ADMIN OFCR OF THE HOUSE,ADMIN AND OPS,SUPPLIES AND MATERIALS,DETAIL,2018-05-15,AP,988007,HAGUE QUALITY WATER OF MD INC,2018-03-20,2018-03-20,WATER,248
,FISCAL YEAR 2018 CLERK OF THE HOUSE,SALARIES  OFFICERS & EMPLOYEES,SUPPLIES AND MATERIALS,DETAIL,2018-04-14,AP,982232,DEER PARK,2018-03-31,2018-03-31,WATER,114.78
,FISCAL YEAR 2018 CLERK OF THE HOUSE,SALARIES  OFFICERS & EMPLOYEES,SUPPLIES AND MATERIALS,DETAIL,2018-04-16,AP,983888,CITI PCARD-HAGUE QUALITY WATER OF,2018-03-01,2018-03-28,WATER,189
,FISCAL YEAR 2018 CLERK OF THE HOUSE,SALARIES  OFFICERS & EMPLOYEES,SUPPLIES AND MATERIALS,DETAIL,2018-04-16,AP,983888,CITI PCARD-HAGUE QUALITY WATER OF,2018-03-01,2018-03-28,WATER,1134
,FISCAL YEAR 2018 CLERK OF THE HOUSE,SALARIES  OFFICERS & EMPLOYEES,SUPPLIES AND MATERIALS,DETAIL,2018-04-16,AP,983888,CITI PCARD-QUENCH USA INC,2018-03-01,2018-03-28,WATER,105
,FISCAL YEAR 2018 CLERK OF THE HOUSE,SALARIES  OFFICERS & EMPLOYEES,SUPPLIES AND MATERIALS,DETAIL,2018-04-16,AP,983888,CITI PCARD-QUENCH USA INC,2018-03-01,2018-03-28,WATER,105
,FISCAL YEAR 2018 CLERK OF THE HOUSE,SALARIES  OFFICERS & EMPLOYEES,SUPPLIES AND MATERIALS,DETAIL,2018-06-22,AP,998263,DEER PARK,2018-05-31,2018-05-31,WATER,384.81
,FISCAL YEAR 2018 CLERK OF THE HOUSE,SALARIES  OFFICERS & EMPLOYEES,SUPPLIES AND MATERIALS,DETAIL,2018-06-28,AP,E0636842,HAGUE QUALITY WATER OF MD INC,2018-06-20,2018-09-20,WATER,1134
,FISCAL YEAR 2018 CLERK OF THE HOUSE,SALARIES  OFFICERS & EMPLOYEES,SUPPLIES AND MATERIALS,DETAIL,2018-06-29,AP,E0636841,HAGUE QUALITY WATER OF MD INC,2018-06-16,2018-09-15,WATER,189
,FISCAL YEAR 2018 OFFICE OF INSPECTOR GENERAL,ADMIN AND OPS,SUPPLIES AND MATERIALS,DETAIL,2018-04-14,AP,982232,DEER PARK,2018-03-31,2018-03-31,WATER,156.73
,FISCAL YEAR 2018 OFFICE OF INSPECTOR GENERAL,ADMIN AND OPS,SUPPLIES AND MATERIALS,DETAIL,2018-05-23,AP,992636,DEER PARK,2018-04-30,2018-04-30,WATER,161.73
,FISCAL YEAR 2018 LAW REVISION COUNSEL,ADMIN AND OPS,SUPPLIES AND MATERIALS,DETAIL,2018-04-27,AP,E0620456,CRYSTAL SPRINGS,2018-03-16,2018-04-12,WATER,236.73
,FISCAL YEAR 2018 LAW REVISION COUNSEL,ADMIN AND OPS,SUPPLIES AND MATERIALS,DETAIL,2018-06-04,AP,E0628269,CRYSTAL SPRINGS,2018-04-13,2018-05-10,WATER,381.12
,FISCAL YEAR 2018 LAW REVISION COUNSEL,ADMIN AND OPS,SUPPLIES AND MATERIALS,DETAIL,2018-06-27,AP,E0635930,CRYSTAL SPRINGS,2018-05-17,2018-06-07,WATER,182.31
,FISCAL YEAR 2018 LEGISLATIVE COUNSEL,ADMIN AND OPS,SUPPLIES AND MATERIALS,DETAIL,2018-04-14,AP,982232,DEER PARK,2018-03-31,2018-03-31,WATER,112.95
,FISCAL YEAR 2018 LEGISLATIVE COUNSEL,ADMIN AND OPS,SUPPLIES AND MATERIALS,DETAIL,2018-06-22,AP,998263,DEER PARK,2018-05-31,2018-05-31,WATER,117.95
,FISCAL YEAR 2018 SERGEANT AT ARMS,NON - PERSONNEL,SUPPLIES AND MATERIALS,DETAIL,2018-04-14,AP,982232,DEER PARK,2018-03-31,2018-03-31,WATER,505.58
,FISCAL YEAR 2018 SERGEANT AT ARMS,NON - PERSONNEL,SUPPLIES AND MATERIALS,DETAIL,2018-05-23,AP,992636,DEER PARK,2018-04-30,2018-04-30,WATER,1227.64
,FISCAL YEAR 2018 SERGEANT AT ARMS,NON - PERSONNEL,SUPPLIES AND MATERIALS,DETAIL,2018-06-22,AP,998263,DEER PARK,2018-05-31,2018-05-31,WATER,862.4
A000055,2018 HON. ROBERT B. ADERHOLT,OFFICIAL EXPENSES OF MEMBERS,SUPPLIES AND MATERIALS,DETAIL,2018-05-16,AP,992225,CITI PCARD-WATER WAY DISTRIBUTING,2018-03-29,2018-04-27,WATER,120.79
A000055,2018 HON. ROBERT B. ADERHOLT,OFFICIAL EXPENSES OF MEMBERS,SUPPLIES AND MATERIALS,DETAIL,2018-06-18,AP,998270,CITI PCARD-WATER WAY DISTRIBUTING,2018-04-28,2018-05-28,WATER,101.31
A000371,2018 HON. PETE AGUILAR,OFFICIAL EXPENSES OF MEMBERS,SUPPLIES AND MATERIALS,DETAIL,2018-04-16,AP,983888,CITI PCARD-READYREFRESH BY NESTLE,2018-03-01,2018-03-28,WATER,138.1
A000371,2018 HON. PETE AGUILAR,OFFICIAL EXPENSES OF MEMBERS,SUPPLIES AND MATERIALS,DETAIL,2018-05-16,AP,992225,CITI PCARD-READYREFRESH BY NESTLE,2018-03-29,2018-04-27,WATER,125.56
A000371,2018 HON. PETE AGUILAR,OFFICIAL EXPENSES OF MEMBERS,SUPPLIES AND MATERIALS,DETAIL,2018-06-18,AP,998270,CITI PCARD-READYREFRESH BY NESTLE,2018-04-28,2018-05-28,WATER,140.11
B001300,2018 HON. NANETTE DIAZ BARRAGAN,OFFICIAL EXPENSES OF MEMBERS,SUPPLIES AND MATERIALS,DETAIL,2018-04-16,AP,983888,CITI PCARD-DS SERVICES STANDARD C,2018-03-01,2018-03-28,WATER,117.8
B001300,2018 HON. NANETTE DIAZ BARRAGAN,OFFICIAL EXPENSES OF MEMBERS,SUPPLIES AND MATERIALS,DETAIL,2018-06-18,AP,998270,CITI PCARD-DS SERVICES STANDARD C,2018-04-28,2018-05-28,WATER,150.35
B001270,2018 HON. KAREN BASS,OFFICIAL EXPENSES OF MEMBERS,SUPPLIES AND MATERIALS,DETAIL,2018-04-14,AP,982232,DEER PARK,2018-03-31,2018-03-31,WATER,110.9
B001270,2018 HON. KAREN BASS,OFFICIAL EXPENSES OF MEMBERS,SUPPLIES AND MATERIALS,DETAIL,2018-06-22,AP,998263,DEER PARK,2018-05-31,2018-05-31,WATER,100.9
B001281,2018 HON. JOYCE BEATTY,OFFICIAL EXPENSES OF MEMBERS,SUPPLIES AND MATERIALS,DETAIL,2018-05-16,AP,992225,CITI PCARD-MAGNETIC SPRINGS WATER,2018-03-29,2018-04-27,WATER,110.97
B001293,2018 HON. MIKE BISHOP,OFFICIAL EXPENSES OF MEMBERS,SUPPLIES AND MATERIALS,DETAIL,2018-04-28,AP,E0620127,READYREFRESH BY NESTLE,2018-03-13,2018-04-12,WATER,231.82
B001293,2018 HON. MIKE BISHOP,OFFICIAL EXPENSES OF MEMBERS,SUPPLIES AND MATERIALS,DETAIL,2018-06-13,AP,E0631986,READYREFRESH BY NESTLE,2018-01-13,2018-02-12,WATER,103.84
B001293,2018 HON. MIKE BISHOP,OFFICIAL EXPENSES OF MEMBERS,SUPPLIES AND MATERIALS,DETAIL,2018-06-20,AP,E0634454,READYREFRESH BY NESTLE,2018-05-13,2018-06-12,WATER,165.73
B001250,2018 HON. ROB BISHOP,OFFICIAL EXPENSES OF MEMBERS,SUPPLIES AND MATERIALS,DETAIL,2018-05-08,AP,E0620674,TURNER CAROLYN L.,2017-11-06,2018-03-30,WATER,146.3
B001245,2018 HON. MADELEINE Z. BORDALLO,OFFICIAL EXPENSES OF MEMBERS,SUPPLIES AND MATERIALS,DETAIL,2018-04-06,AP,E0613616,IMC WATER COOLERS,2018-01-22,2018-01-22,WATER,150
B001245,2018 HON. MADELEINE Z. BORDALLO,OFFICIAL EXPENSES OF MEMBERS,SUPPLIES AND MATERIALS,DETAIL,2018-04-06,AP,E0613618,IMC WATER COOLERS,2018-04-04,2019-04-01,WATER,130
B001295,2018 HON. MIKE BOST,OFFICIAL EXPENSES OF MEMBERS,SUPPLIES AND MATERIALS,DETAIL,2018-06-22,AP,998263,DEER PARK,2018-05-31,2018-05-31,WATER,100.94
B001290,2018 HON. DAVE BRAT,OFFICIAL EXPENSES OF MEMBERS,SUPPLIES AND MATERIALS,DETAIL,2018-04-11,AP,E0615309,QUENCH,2018-04-01,2018-06-30,WATER,117.38
B001274,2018 HON. MO BROOKS,OFFICIAL EXPENSES OF MEMBERS,SUPPLIES AND MATERIALS,DETAIL,2018-05-18,AP,E0625639,ZAMS KELLY L.,2018-01-01,2018-12-31,WATER,299.64
B001284,2018 HON. SUSAN W. BROOKS,OFFICIAL EXPENSES OF MEMBERS,SUPPLIES AND MATERIALS,DETAIL,2018-05-31,AP,E0628502,QUENCH,2018-01-01,2018-06-30,WATER,366
B001304,2018 HON. ANTHONY G. BROWN,OFFICIAL EXPENSES OF MEMBERS,SUPPLIES AND MATERIALS,DETAIL,2018-05-23,AP,992636,DEER PARK,2018-04-30,2018-04-30,WATER,105.9
B001260,2018 HON. VERN G. BUCHANAN,OFFICIAL EXPENSES OF MEMBERS,SUPPLIES AND MATERIALS,DETAIL,2018-04-14,AP,982232,DEER PARK,2018-03-31,2018-03-31,WATER,199.68
B001260,2018 HON. VERN G. BUCHANAN,OFFICIAL EXPENSES OF MEMBERS,SUPPLIES AND MATERIALS,DETAIL,2018-05-23,AP,992636,DEER PARK,2018-04-30,2018-04-30,WATER,140.74
B001260,2018 HON. VERN G. BUCHANAN,OFFICIAL EXPENSES OF MEMBERS,SUPPLIES AND MATERIALS,DETAIL,2018-06-22,AP,998263,DEER PARK,2018-05-31,2018-05-31,WATER,153.72
B001297,2018 HON. KEN BUCK,OFFICIAL EXPENSES OF MEMBERS,SUPPLIES AND MATERIALS,DETAIL,2018-05-17,AP,E0624934,QUENCH,2018-05-01,2018-07-31,WATER,114
B001248,2018 HON. MICHAEL C. BURGESS,OFFICIAL EXPENSES OF MEMBERS,SUPPLIES AND MATERIALS,DETAIL,2018-04-14,AP,982232,DEER PARK,2018-03-31,2018-03-31,WATER,182.3
B001248,2018 HON. MICHAEL C. BURGESS,OFFICIAL EXPENSES OF MEMBERS,SUPPLIES AND MATERIALS,DETAIL,2018-05-23,AP,992636,DEER PARK,2018-04-30,2018-04-30,WATER,204.81
C000059,2018 HON. KEN CALVERT,OFFICIAL EXPENSES OF MEMBERS,SUPPLIES AND MATERIALS,DETAIL,2018-06-22,AP,998263,DEER PARK,2018-05-31,2018-05-31,WATER,109.97
C001037,2018 HON. MICHAEL E. CAPUANO,OFFICIAL EXPENSES OF MEMBERS,SUPPLIES AND MATERIALS,DETAIL,2018-04-26,AP,E0619359,READYREFRESH BY NESTLE,2018-02-23,2018-03-22,WATER,107.55
C001037,2018 HON. MICHAEL E. CAPUANO,OFFICIAL EXPENSES OF MEMBERS,SUPPLIES AND MATERIALS,DETAIL,2018-05-08,AP,E0621821,READYREFRESH BY NESTLE,2018-03-17,2018-04-16,WATER,100.02
C001072,2018 HON. ANDRE CARSON,OFFICIAL EXPENSES OF MEMBERS,SUPPLIES AND MATERIALS,DETAIL,2018-04-14,AP,982232,DEER PARK,2018-03-31,2018-03-31,WATER,112.86
C001072,2018 HON. ANDRE CARSON,OFFICIAL EXPENSES OF MEMBERS,SUPPLIES AND MATERIALS,DETAIL,2018-06-22,AP,998263,DEER PARK,2018-05-31,2018-05-31,WATER,104.86
C001051,2018 HON. JOHN R. CARTER,OFFICIAL EXPENSES OF MEMBERS,SUPPLIES AND MATERIALS,DETAIL,2018-05-23,AP,992636,DEER PARK,2018-04-30,2018-04-30,WATER,189.88
C001101,2018 HON. KATHERINE M. CLARK,OFFICIAL EXPENSES OF MEMBERS,SUPPLIES AND MATERIALS,DETAIL,2018-06-18,AP,E0633516,IMC WATER COOLERS,2018-06-29,2018-06-29,WATER,150
C001067,2018 HON. YVETTE D. CLARKE,OFFICIAL EXPENSES OF MEMBERS,SUPPLIES AND MATERIALS,DETAIL,2018-04-14,AP,982232,DEER PARK,2018-03-31,2018-03-31,WATER,128.25
C001067,2018 HON. YVETTE D. CLARKE,OFFICIAL EXPENSES OF MEMBERS,SUPPLIES AND MATERIALS,DETAIL,2018-05-23,AP,992636,DEER PARK,2018-04-30,2018-04-30,WATER,269.5
C001067,2018 HON. YVETTE D. CLARKE,OFFICIAL EXPENSES OF MEMBERS,SUPPLIES AND MATERIALS,DETAIL,2018-06-22,AP,998263,DEER PARK,2018-05-31,2018-05-31,WATER,179.25
C001077,2018 HON. MIKE COFFMAN,OFFICIAL EXPENSES OF MEMBERS,SUPPLIES AND MATERIALS,DETAIL,2018-06-19,AP,E0634187,QUENCH,2018-06-01,2018-08-31,WATER,108
C001068,2018 HON. STEVE COHEN,OFFICIAL EXPENSES OF MEMBERS,SUPPLIES AND MATERIALS,DETAIL,2018-04-30,AP,E0619949,QUENCH,2018-04-01,2018-06-30,WATER,121.27
C001068,2018 HON. STEVE COHEN,OFFICIAL EXPENSES OF MEMBERS,SUPPLIES AND MATERIALS,DETAIL,2018-06-29,AP,E0637313,QUENCH,2018-01-01,2018-03-31,WATER,121.27
C001068,2018 HON. STEVE COHEN,OFFICIAL EXPENSES OF MEMBERS,SUPPLIES AND MATERIALS,DETAIL,2018-06-29,AP,E0637314,QUENCH,2018-07-01,2018-09-30,WATER,121.27
C001053,2018 HON. TOM COLE,OFFICIAL EXPENSES OF MEMBERS,SUPPLIES AND MATERIALS,DETAIL,2018-06-22,AP,998263,DEER PARK,2018-05-31,2018-05-31,WATER,105.87
C001092,2018 HON. CHRIS COLLINS,OFFICIAL EXPENSES OF MEMBERS,SUPPLIES AND MATERIALS,DETAIL,2018-04-05,AP,E0613815,QUENCH,2018-04-01,2018-06-30,WATER,126.9
C001094,2018 HON. PAUL COOK,OFFICIAL EXPENSES OF MEMBERS,SUPPLIES AND MATERIALS,DETAIL,2018-05-15,AP,E0624358,IMC WATER COOLERS,2018-02-28,2018-02-28,WATER,150
C001110,2018 HON. J. LUIS CORREA,OFFICIAL EXPENSES OF MEMBERS,SUPPLIES AND MATERIALS,DETAIL,2018-04-14,AP,982232,DEER PARK,2018-03-31,2018-03-31,WATER,103.74
C001038,2018 HON. JOSEPH CROWLEY,OFFICIAL EXPENSES OF MEMBERS,SUPPLIES AND MATERIALS,DETAIL,2018-04-14,AP,982232,DEER PARK,2018-03-31,2018-03-31,WATER,173.83
C001038,2018 HON. JOSEPH CROWLEY,OFFICIAL EXPENSES OF MEMBERS,SUPPLIES AND MATERIALS,DETAIL,2018-06-22,AP,998263,DEER PARK,2018-05-31,2018-05-31,WATER,270.79
C001048,2018 HON. JOHN ABNEY CULBERSON,OFFICIAL EXPENSES OF MEMBERS,SUPPLIES AND MATERIALS,DETAIL,2018-05-23,AP,992636,DEER PARK,2018-04-30,2018-04-30,WATER,253.54
C000984,2018 HON. ELIJAH E. CUMMINGS,OFFICIAL EXPENSES OF MEMBERS,SUPPLIES AND MATERIALS,DETAIL,2018-06-19,AP,E0633457,QUENCH,2018-04-01,2018-06-30,WATER,123
C001051,2018 HON. JOHN R. CURTIS,OFFICIAL EXPENSES OF MEMBERS,SUPPLIES AND MATERIALS,DETAIL,2018-05-23,AP,992636,DEER PARK,2018-04-30,2018-04-30,WATER,118.88
C001051,2018 HON. JOHN R. CURTIS,OFFICIAL EXPENSES OF MEMBERS,SUPPLIES AND MATERIALS,DETAIL,2018-06-22,AP,998263,DEER PARK,2018-05-31,2018-05-31,WATER,149.82
D000197,2018 HON. DIANA DEGETTE,OFFICIAL EXPENSES OF MEMBERS,SUPPLIES AND MATERIALS,DETAIL,2018-05-16,AP,E0625931,DEEP ROCK WATER,2018-03-20,2018-04-17,WATER,195.31
D000197,2018 HON. DIANA DEGETTE,OFFICIAL EXPENSES OF MEMBERS,SUPPLIES AND MATERIALS,DETAIL,2018-06-15,AP,E0633607,DEEP ROCK WATER,2018-05-01,2018-05-18,WATER,175.3
D000216,2018 HON. ROSA L. DELAURO,OFFICIAL EXPENSES OF MEMBERS,SUPPLIES AND MATERIALS,DETAIL,2018-05-23,AP,992636,DEER PARK,2018-04-30,2018-04-30,WATER,107.95
D000612,2018 HON. JEFF DENHAM,OFFICIAL EXPENSES OF MEMBERS,SUPPLIES AND MATERIALS,DETAIL,2018-04-19,AP,E0616973,READYREFRESH BY NESTLE,2018-02-27,2018-03-26,WATER,164.09
D000612,2018 HON. JEFF DENHAM,OFFICIAL EXPENSES OF MEMBERS,SUPPLIES AND MATERIALS,DETAIL,2018-04-26,AP,E0619422,READYREFRESH BY NESTLE,2018-01-27,2018-02-26,WATER,133.52
D000621,2018 HON. RON DESANTIS,OFFICIAL EXPENSES OF MEMBERS,SUPPLIES AND MATERIALS,DETAIL,2018-06-26,AP,E0636333,CRYSTAL SPRINGS,2018-04-26,2018-05-22,WATER,103.45
D000616,2018 HON. SCOTT DESJARLAIS,OFFICIAL EXPENSES OF MEMBERS,SUPPLIES AND MATERIALS,DETAIL,2018-04-12,AP,981272,QUENCH,2018-04-01,2018-04-30,WATER,235
D000616,2018 HON. SCOTT DESJARLAIS,OFFICIAL EXPENSES OF MEMBERS,SUPPLIES AND MATERIALS,DETAIL,2018-05-17,AP,988161,QUENCH,2018-05-01,2018-05-31,WATER,135
D000616,2018 HON. SCOTT DESJARLAIS,OFFICIAL EXPENSES OF MEMBERS,SUPPLIES AND MATERIALS,DETAIL,2018-06-14,AP,992774,QUENCH,2018-06-01,2018-06-30,WATER,235
D000600,2018 HON. MARIO DIAZ-BALART,OFFICIAL EXPENSES OF MEMBERS,SUPPLIES AND MATERIALS,DETAIL,2018-04-14,AP,982232,DEER PARK,2018-03-31,2018-03-31,WATER,123.74
D000600,2018 HON. MARIO DIAZ-BALART,OFFICIAL EXPENSES OF MEMBERS,SUPPLIES AND MATERIALS,DETAIL,2018-06-22,AP,998263,DEER PARK,2018-05-31,2018-05-31,WATER,127.82
D000625,2018 HON. DANIEL M. DONOVAN  JR.,OFFICIAL EXPENSES OF MEMBERS,SUPPLIES AND MATERIALS,DETAIL,2018-04-16,AP,983888,CITI PCARD-READYREFRESH BY NESTLE,2018-03-01,2018-03-28,WATER,100.18
D000625,2018 HON. DANIEL M. DONOVAN  JR.,OFFICIAL EXPENSES OF MEMBERS,SUPPLIES AND MATERIALS,DETAIL,2018-06-18,AP,998270,CITI PCARD-READYREFRESH BY NESTLE,2018-04-28,2018-05-28,WATER,104.3
D000482,2018 HON. MICHAEL F. DOYLE,OFFICIAL EXPENSES OF MEMBERS,SUPPLIES AND MATERIALS,DETAIL,2018-04-17,AP,E0616085,CRYSTAL SPRINGS,2018-03-09,2018-04-02,WATER,127.32
D000482,2018 HON. MICHAEL F. DOYLE,OFFICIAL EXPENSES OF MEMBERS,SUPPLIES AND MATERIALS,DETAIL,2018-06-13,AP,E0631924,CRYSTAL SPRINGS,2018-04-06,2018-05-04,WATER,111.18
E000179,2018 HON. ELIOT L. ENGEL,OFFICIAL EXPENSES OF MEMBERS,SUPPLIES AND MATERIALS,DETAIL,2018-06-22,AP,998263,DEER PARK,2018-05-31,2018-05-31,WATER,107.95
E000297,2018 HON. ADRIANO ESPAILLAT,OFFICIAL EXPENSES OF MEMBERS,SUPPLIES AND MATERIALS,DETAIL,2018-04-14,AP,982232,DEER PARK,2018-03-31,2018-03-31,WATER,110.8
E000297,2018 HON. ADRIANO ESPAILLAT,OFFICIAL EXPENSES OF MEMBERS,SUPPLIES AND MATERIALS,DETAIL,2018-06-22,AP,998263,DEER PARK,2018-05-31,2018-05-31,WATER,158.25
F000459,"2018 HON. CHARLES J. ""CHUCK"" FLEISCHMANN",OFFICIAL EXPENSES OF MEMBERS,SUPPLIES AND MATERIALS,DETAIL,2018-04-14,AP,982232,DEER PARK,2018-03-31,2018-03-31,WATER,127.85
F000459,"2018 HON. CHARLES J. ""CHUCK"" FLEISCHMANN",OFFICIAL EXPENSES OF MEMBERS,SUPPLIES AND MATERIALS,DETAIL,2018-05-23,AP,992636,DEER PARK,2018-04-30,2018-04-30,WATER,133.32
F000459,"2018 HON. CHARLES J. ""CHUCK"" FLEISCHMANN",OFFICIAL EXPENSES OF MEMBERS,SUPPLIES AND MATERIALS,DETAIL,2018-06-22,AP,998263,DEER PARK,2018-05-31,2018-05-31,WATER,128.32
F000462,2018 HON. LOIS FRANKEL,OFFICIAL EXPENSES OF MEMBERS,SUPPLIES AND MATERIALS,DETAIL,2018-05-16,AP,992225,CITI PCARD-DS SERVICES STANDARD C,2018-03-29,2018-04-27,WATER,154.94
F000455,2018 HON. MARCIA FUDGE,OFFICIAL EXPENSES OF MEMBERS,SUPPLIES AND MATERIALS,DETAIL,2018-04-26,AP,986565,CULLIGAN OF CLEVELAND,2018-04-01,2018-04-30,WATER,111.16
F000455,2018 HON. MARCIA FUDGE,OFFICIAL EXPENSES OF MEMBERS,SUPPLIES AND MATERIALS,DETAIL,2018-05-22,AP,988236,CULLIGAN OF CLEVELAND,2018-05-01,2018-05-31,WATER,111.16
F000455,2018 HON. MARCIA FUDGE,OFFICIAL EXPENSES OF MEMBERS,SUPPLIES AND MATERIALS,DETAIL,2018-06-25,AP,994028,CULLIGAN OF CLEVELAND,2018-06-01,2018-06-30,WATER,111.16
G000571,2018 HON. TULSI GABBARD,OFFICIAL EXPENSES OF MEMBERS,SUPPLIES AND MATERIALS,DETAIL,2018-06-22,AP,998263,DEER PARK,2018-05-31,2018-05-31,WATER,104.92
G000579,2018 HON. MIKE GALLAGHER,OFFICIAL EXPENSES OF MEMBERS,SUPPLIES AND MATERIALS,DETAIL,2018-06-22,AP,998263,DEER PARK,2018-05-31,2018-05-31,WATER,100.95
G000585,2018 HON. JIMMY GOMEZ,OFFICIAL EXPENSES OF MEMBERS,SUPPLIES AND MATERIALS,DETAIL,2018-05-16,AP,992225,CITI PCARD-DS SERVICES STANDARD C,2018-03-29,2018-04-27,WATER,152.57
G000565,2018 HON. PAUL A. GOSAR,OFFICIAL EXPENSES OF MEMBERS,SUPPLIES AND MATERIALS,DETAIL,2018-04-14,AP,982232,DEER PARK,2018-03-31,2018-03-31,WATER,122.9
G000560,2018 HON. TOM GRAVES,OFFICIAL EXPENSES OF MEMBERS,SUPPLIES AND MATERIALS,DETAIL,2018-04-09,AP,E0613816,READYREFRESH BY NESTLE,2018-02-27,2018-03-26,WATER,154.21
G000535,2018 HON. LUIS V. GUTIERREZ,OFFICIAL EXPENSES OF MEMBERS,SUPPLIES AND MATERIALS,DETAIL,2018-06-22,AP,998263,DEER PARK,2018-05-31,2018-05-31,WATER,111.87
H001078,2018 HON. KAREN C. HANDEL,OFFICIAL EXPENSES OF MEMBERS,SUPPLIES AND MATERIALS,DETAIL,2018-04-19,AP,E0617797,CRYSTAL SPRINGS,2018-01-12,2018-02-07,WATER,315.99
H001045,2018 HON. GREGG HARPER,OFFICIAL EXPENSES OF MEMBERS,SUPPLIES AND MATERIALS,DETAIL,2018-04-16,AP,983888,CITI PCARD-WB MASON,2018-03-01,2018-03-28,WATER,114.75
H000324,2018 HON. ALCEE L. HASTINGS,OFFICIAL EXPENSES OF MEMBERS,SUPPLIES AND MATERIALS,DETAIL,2018-04-16,AP,983888,CITI PCARD-DS SERVICES STANDARD C,2018-03-01,2018-03-28,WATER,121.15
H001036,2018 HON. JEB HENSARLING,OFFICIAL EXPENSES OF MEMBERS,SUPPLIES AND MATERIALS,DETAIL,2018-04-14,AP,982232,DEER PARK,2018-03-31,2018-03-31,WATER,102.84
H001036,2018 HON. JEB HENSARLING,OFFICIAL EXPENSES OF MEMBERS,SUPPLIES AND MATERIALS,DETAIL,2018-06-22,AP,998263,DEER PARK,2018-05-31,2018-05-31,WATER,239.7
H001072,2018 HON. J. FRENCH HILL,OFFICIAL EXPENSES OF MEMBERS,SUPPLIES AND MATERIALS,DETAIL,2018-06-21,AP,E0634469,PREMIUM REFRESHMENT SERVICE,2018-02-27,2018-06-01,WATER,103.58
H001047,2018 HON. JAMES A. HIMES,OFFICIAL EXPENSES OF MEMBERS,SUPPLIES AND MATERIALS,DETAIL,2018-04-18,AP,E0617248,CRYSTAL ROCK LLC,2018-03-06,2018-03-31,WATER,110.2
H001047,2018 HON. JAMES A. HIMES,OFFICIAL EXPENSES OF MEMBERS,SUPPLIES AND MATERIALS,DETAIL,2018-05-14,AP,E0623670,CRYSTAL ROCK LLC,2018-04-04,2018-04-28,WATER,101.25
H001067,2018 HON. RICHARD HUDSON,OFFICIAL EXPENSES OF MEMBERS,SUPPLIES AND MATERIALS,DETAIL,2018-05-23,AP,992636,DEER PARK,2018-04-30,2018-04-30,WATER,117.9
H001067,2018 HON. RICHARD HUDSON,OFFICIAL EXPENSES OF MEMBERS,SUPPLIES AND MATERIALS,DETAIL,2018-06-22,AP,998263,DEER PARK,2018-05-31,2018-05-31,WATER,132.88
H001048,2018 HON. DUNCAN HUNTER,OFFICIAL EXPENSES OF MEMBERS,SUPPLIES AND MATERIALS,DETAIL,2018-04-14,AP,982232,DEER PARK,2018-03-31,2018-03-31,WATER,172.94
H001048,2018 HON. DUNCAN HUNTER,OFFICIAL EXPENSES OF MEMBERS,SUPPLIES AND MATERIALS,DETAIL,2018-06-22,AP,998263,DEER PARK,2018-05-31,2018-05-31,WATER,116.92
J000032,2018 HON. SHEILA JACKSON LEE,OFFICIAL EXPENSES OF MEMBERS,SUPPLIES AND MATERIALS,DETAIL,2018-05-08,AP,E0621819,QUENCH,2018-05-01,2018-07-31,WATER,114
J000298,2018 HON. PRAMILA JAYAPAL,OFFICIAL EXPENSES OF MEMBERS,SUPPLIES AND MATERIALS,DETAIL,2018-04-16,AP,983888,CITI PCARD-READYREFRESH BY NESTLE,2018-03-01,2018-03-28,WATER,122.11
J000298,2018 HON. PRAMILA JAYAPAL,OFFICIAL EXPENSES OF MEMBERS,SUPPLIES AND MATERIALS,DETAIL,2018-05-16,AP,992225,CITI PCARD-READYREFRESH BY NESTLE,2018-03-29,2018-04-27,WATER,122.11
J000290,2018 HON. LYNN JENKINS,OFFICIAL EXPENSES OF MEMBERS,SUPPLIES AND MATERIALS,DETAIL,2018-06-19,AP,E0633576,QUENCH,2018-06-01,2018-08-31,WATER,108
J000174,2018 HON. SAM JOHNSON,OFFICIAL EXPENSES OF MEMBERS,SUPPLIES AND MATERIALS,DETAIL,2018-05-23,AP,E0626733,QUENCH,2018-05-01,2018-07-31,WATER,285
J000174,2018 HON. SAM JOHNSON,OFFICIAL EXPENSES OF MEMBERS,SUPPLIES AND MATERIALS,DETAIL,2018-06-25,AP,E0636135,QUENCH,2017-11-01,2018-01-31,WATER,285
K000376,2018 HON. MIKE KELLY,OFFICIAL EXPENSES OF MEMBERS,SUPPLIES AND MATERIALS,DETAIL,2018-05-24,AP,E0627277,READYREFRESH BY NESTLE,2018-04-15,2018-05-14,WATER,112.78
K000376,2018 HON. MIKE KELLY,OFFICIAL EXPENSES OF MEMBERS,SUPPLIES AND MATERIALS,DETAIL,2018-05-31,AP,E0628207,READYREFRESH BY NESTLE,2018-03-28,2018-04-14,WATER,136.23
K000385,2018 HON. ROBIN L. KELLY,OFFICIAL EXPENSES OF MEMBERS,SUPPLIES AND MATERIALS,DETAIL,2018-04-16,AP,983888,CITI PCARD-DS SERVICES STANDARD C,2018-03-01,2018-03-28,WATER,126.93
L000578,2018 HON. DOUG LAMALFA,OFFICIAL EXPENSES OF MEMBERS,SUPPLIES AND MATERIALS,DETAIL,2018-04-20,AP,E0618195,READYREFRESH BY NESTLE,2018-01-27,2018-02-26,WATER,104.49
L000578,2017 HON. DOUG LAMALFA,OFFICIAL EXPENSES OF MEMBERS,SUPPLIES AND MATERIALS,DETAIL,2018-04-12,AP,E0615787,READYREFRESH BY NESTLE,2017-10-27,2017-11-26,WATER,111.89
L000567,2018 HON. LEONARD LANCE,OFFICIAL EXPENSES OF MEMBERS,SUPPLIES AND MATERIALS,DETAIL,2018-05-23,AP,992636,DEER PARK,2018-04-30,2018-04-30,WATER,101.28
L000559,2018 HON. JAMES R. LANGEVIN,OFFICIAL EXPENSES OF MEMBERS,SUPPLIES AND MATERIALS,DETAIL,2018-06-18,AP,998270,CITI PCARD-IMC COOLERS,2018-04-28,2018-05-28,WATER,260
L000566,2018 HON. ROBERT E. LATTA,OFFICIAL EXPENSES OF MEMBERS,SUPPLIES AND MATERIALS,DETAIL,2018-04-19,AP,E0616892,READYREFRESH BY NESTLE,2018-01-27,2018-02-26,WATER,121.36
L000566,2018 HON. ROBERT E. LATTA,OFFICIAL EXPENSES OF MEMBERS,SUPPLIES AND MATERIALS,DETAIL,2018-05-17,AP,E0625285,READYREFRESH BY NESTLE,2018-03-27,2018-04-26,WATER,168.9
L000566,2018 HON. ROBERT E. LATTA,OFFICIAL EXPENSES OF MEMBERS,SUPPLIES AND MATERIALS,DETAIL,2018-06-19,AP,E0633529,READYREFRESH BY NESTLE,2018-04-27,2018-05-26,WATER,149.91
L000287,2018 HON. JOHN LEWIS,OFFICIAL EXPENSES OF MEMBERS,SUPPLIES AND MATERIALS,DETAIL,2018-06-18,AP,998270,CITI PCARD-DS SERVICES STANDARD C,2018-04-28,2018-05-28,WATER,146.96
L000563,2018 HON. DANIEL LIPINSKI,OFFICIAL EXPENSES OF MEMBERS,SUPPLIES AND MATERIALS,DETAIL,2018-05-22,AP,E0627025,HINCKLEY SPRINGS,2018-04-04,2018-04-11,WATER,117.54
L000397,2018 HON. ZOE LOFGREN,OFFICIAL EXPENSES OF MEMBERS,SUPPLIES AND MATERIALS,DETAIL,2018-04-14,AP,982232,DEER PARK,2018-03-31,2018-03-31,WATER,276.83
L000397,2018 HON. ZOE LOFGREN,OFFICIAL EXPENSES OF MEMBERS,SUPPLIES AND MATERIALS,DETAIL,2018-05-23,AP,992636,DEER PARK,2018-04-30,2018-04-30,WATER,318.74
L000397,2018 HON. ZOE LOFGREN,OFFICIAL EXPENSES OF MEMBERS,SUPPLIES AND MATERIALS,DETAIL,2018-06-22,AP,998263,DEER PARK,2018-05-31,2018-05-31,WATER,132.88
L000576,2018 HON. BILLY LONG,OFFICIAL EXPENSES OF MEMBERS,SUPPLIES AND MATERIALS,DETAIL,2018-05-11,AP,E0623659,QUENCH,2018-05-01,2018-07-31,WATER,240
L000491,2018 HON. FRANK D. LUCAS,OFFICIAL EXPENSES OF MEMBERS,SUPPLIES AND MATERIALS,DETAIL,2018-04-14,AP,982232,DEER PARK,2018-03-31,2018-03-31,WATER,103.89
L000491,2018 HON. FRANK D. LUCAS,OFFICIAL EXPENSES OF MEMBERS,SUPPLIES AND MATERIALS,DETAIL,2018-06-22,AP,998263,DEER PARK,2018-05-31,2018-05-31,WATER,103.89
L000562,2018 HON. STEPHEN F. LYNCH,OFFICIAL EXPENSES OF MEMBERS,SUPPLIES AND MATERIALS,DETAIL,2018-05-16,AP,992225,CITI PCARD-READYREFRESH BY NESTLE,2018-03-29,2018-04-27,WATER,124.56
M000087,2018 HON. CAROLYN B. MALONEY,OFFICIAL EXPENSES OF MEMBERS,SUPPLIES AND MATERIALS,DETAIL,2018-05-16,AP,E0624353,READYREFRESH BY NESTLE,2018-03-27,2018-04-26,WATER,109.92
M001199,2018 HON. BRIAN J. MAST,OFFICIAL EXPENSES OF MEMBERS,SUPPLIES AND MATERIALS,DETAIL,2018-04-16,AP,983888,CITI PCARD-READYREFRESH BY NESTLE,2018-03-01,2018-03-28,WATER,134.58
M001199,2018 HON. BRIAN J. MAST,OFFICIAL EXPENSES OF MEMBERS,SUPPLIES AND MATERIALS,DETAIL,2018-05-16,AP,992225,CITI PCARD-READYREFRESH BY NESTLE,2018-03-29,2018-04-27,WATER,129.04
M001157,2018 HON. MICHAEL T. MCCAUL,OFFICIAL EXPENSES OF MEMBERS,SUPPLIES AND MATERIALS,DETAIL,2018-04-14,AP,982232,DEER PARK,2018-03-31,2018-03-31,WATER,150.79
M001157,2018 HON. MICHAEL T. MCCAUL,OFFICIAL EXPENSES OF MEMBERS,SUPPLIES AND MATERIALS,DETAIL,2018-05-23,AP,992636,DEER PARK,2018-04-30,2018-04-30,WATER,122.85
M001157,2018 HON. MICHAEL T. MCCAUL,OFFICIAL EXPENSES OF MEMBERS,SUPPLIES AND MATERIALS,DETAIL,2018-06-22,AP,998263,DEER PARK,2018-05-31,2018-05-31,WATER,129.81
M001177,2018 HON. TOM MCCLINTOCK,OFFICIAL EXPENSES OF MEMBERS,SUPPLIES AND MATERIALS,DETAIL,2018-04-16,AP,983888,CITI PCARD-DS SERVICES STANDARD C,2018-03-01,2018-03-28,WATER,141.06
M001177,2018 HON. TOM MCCLINTOCK,OFFICIAL EXPENSES OF MEMBERS,SUPPLIES AND MATERIALS,DETAIL,2018-04-24,AP,986562,READYREFRESH BY NESTLE,2018-02-27,2018-03-26,WATER,160.52
M001177,2018 HON. TOM MCCLINTOCK,OFFICIAL EXPENSES OF MEMBERS,SUPPLIES AND MATERIALS,DETAIL,2018-04-26,AP,986865,ALHAMBRA,2018-03-21,2018-04-11,WATER,180.95
M001177,2018 HON. TOM MCCLINTOCK,OFFICIAL EXPENSES OF MEMBERS,SUPPLIES AND MATERIALS,DETAIL,2018-05-24,AP,992385,READYREFRESH BY NESTLE,2018-03-27,2018-04-26,WATER,302.03
M001156,2018 HON. PATRICK T. MCHENRY,OFFICIAL EXPENSES OF MEMBERS,SUPPLIES AND MATERIALS,DETAIL,2018-06-22,AP,998263,DEER PARK,2018-05-31,2018-05-31,WATER,131.92
M001137,2018 HON. GREGORY W. MEEKS,OFFICIAL EXPENSES OF MEMBERS,SUPPLIES AND MATERIALS,DETAIL,2018-04-14,AP,982232,DEER PARK,2018-03-31,2018-03-31,WATER,125.24
M001137,2018 HON. GREGORY W. MEEKS,OFFICIAL EXPENSES OF MEMBERS,SUPPLIES AND MATERIALS,DETAIL,2018-05-23,AP,992636,DEER PARK,2018-04-30,2018-04-30,WATER,117.25
M001137,2018 HON. GREGORY W. MEEKS,OFFICIAL EXPENSES OF MEMBERS,SUPPLIES AND MATERIALS,DETAIL,2018-06-22,AP,998263,DEER PARK,2018-05-31,2018-05-31,WATER,128.23
N000002,2018 HON. JERROLD NADLER,OFFICIAL EXPENSES OF MEMBERS,SUPPLIES AND MATERIALS,DETAIL,2018-05-17,AP,E0625379,READYREFRESH BY NESTLE,2018-04-01,2018-04-30,WATER,129.06
P000197,2018 HON. NANCY PELOSI,OFFICIAL EXPENSES OF MEMBERS,SUPPLIES AND MATERIALS,DETAIL,2018-06-01,AP,E0628446,ALHAMBRA,2018-04-25,2018-05-08,WATER,106.7
P000258,2018 HON. COLLIN C. PETERSON,OFFICIAL EXPENSES OF MEMBERS,SUPPLIES AND MATERIALS,DETAIL,2018-06-19,AP,E0634479,PREMIUM WATERS INC,2018-05-01,2018-05-31,WATER,168.26
P000597,2018 HON. CHELLIE PINGREE,OFFICIAL EXPENSES OF MEMBERS,SUPPLIES AND MATERIALS,DETAIL,2018-04-16,AP,E0615750,BLUE RESERVE WATER,2018-01-01,2018-02-28,WATER,119.9
P000597,2018 HON. CHELLIE PINGREE,OFFICIAL EXPENSES OF MEMBERS,SUPPLIES AND MATERIALS,DETAIL,2018-04-16,AP,E0615751,BLUE RESERVE WATER,2018-03-01,2018-04-30,WATER,119.9
P000597,2018 HON. CHELLIE PINGREE,OFFICIAL EXPENSES OF MEMBERS,SUPPLIES AND MATERIALS,DETAIL,2018-05-31,AP,E0628616,BLUE RESERVE WATER,2018-05-01,2018-06-30,WATER,119.9
P000599,2018 HON. BILL POSEY,OFFICIAL EXPENSES OF MEMBERS,SUPPLIES AND MATERIALS,DETAIL,2018-06-18,AP,E0633384,READYREFRESH BY NESTLE,2018-04-27,2018-05-26,WATER,123.98
Q000023,2018 HON. MIKE QUIGLEY,OFFICIAL EXPENSES OF MEMBERS,SUPPLIES AND MATERIALS,DETAIL,2018-05-03,AP,E0620560,QUENCH,2018-01-18,2018-12-31,WATER,484.4
R000360,2017 HON. LISA BLUNT ROCHESTER,OFFICIAL EXPENSES OF MEMBERS,SUPPLIES AND MATERIALS,DETAIL,2018-05-24,AP,E0627163,QUENCH,2017-09-01,2017-11-30,WATER,132
R000395,2018 HON. HAROLD  ROGERS,OFFICIAL EXPENSES OF MEMBERS,SUPPLIES AND MATERIALS,DETAIL,2018-04-14,AP,982232,DEER PARK,2018-03-31,2018-03-31,WATER,140.91
R000395,2018 HON. HAROLD  ROGERS,OFFICIAL EXPENSES OF MEMBERS,SUPPLIES AND MATERIALS,DETAIL,2018-06-22,AP,998263,DEER PARK,2018-05-31,2018-05-31,WATER,288.85
R000608,2018 HON. JACKY ROSEN,OFFICIAL EXPENSES OF MEMBERS,SUPPLIES AND MATERIALS,DETAIL,2018-04-14,AP,982232,DEER PARK,2018-03-31,2018-03-31,WATER,216.77
R000603,2018 HON. DAVID ROUZER,OFFICIAL EXPENSES OF MEMBERS,SUPPLIES AND MATERIALS,DETAIL,2018-04-16,AP,983888,CITI PCARD-DS SERVICES STANDARD C,2018-03-01,2018-03-28,WATER,201.26
R000603,2018 HON. DAVID ROUZER,OFFICIAL EXPENSES OF MEMBERS,SUPPLIES AND MATERIALS,DETAIL,2018-06-18,AP,998270,CITI PCARD-DS SERVICES STANDARD C,2018-04-28,2018-05-28,WATER,145.85
R000487,2018 HON. EDWARD R. ROYCE,OFFICIAL EXPENSES OF MEMBERS,SUPPLIES AND MATERIALS,DETAIL,2018-05-02,AP,987213,SPARKLETTS & SIERRA SPRINGS,2018-03-29,2018-04-17,WATER,175.06
R000570,2018 HON. PAUL D. RYAN,OFFICIAL EXPENSES OF MEMBERS,SUPPLIES AND MATERIALS,DETAIL,2018-05-23,AP,992636,DEER PARK,2018-04-30,2018-04-30,WATER,101.87
R000577,2018 HON. TIMOTHY J. RYAN,OFFICIAL EXPENSES OF MEMBERS,SUPPLIES AND MATERIALS,DETAIL,2018-05-03,AP,E0621491,READYREFRESH BY NESTLE,2018-03-27,2018-04-26,WATER,117.93
R000577,2018 HON. TIMOTHY J. RYAN,OFFICIAL EXPENSES OF MEMBERS,SUPPLIES AND MATERIALS,DETAIL,2018-06-12,AP,E0631822,READYREFRESH BY NESTLE,2018-04-27,2018-05-26,WATER,122.51
S001177,2018 HON. GREGORIO SABLAN,OFFICIAL EXPENSES OF MEMBERS,SUPPLIES AND MATERIALS,DETAIL,2018-04-17,AP,E0616427,JC TENORIO ENTERPRISES INC,2018-04-03,2018-04-03,WATER,390
S001177,2018 HON. GREGORIO SABLAN,OFFICIAL EXPENSES OF MEMBERS,SUPPLIES AND MATERIALS,DETAIL,2018-05-15,AP,E0625003,JC TENORIO ENTERPRISES INC,2018-05-04,2018-05-04,WATER,312
S001177,2018 HON. GREGORIO SABLAN,OFFICIAL EXPENSES OF MEMBERS,SUPPLIES AND MATERIALS,DETAIL,2018-06-07,AP,E0631347,JC TENORIO ENTERPRISES INC,2018-05-30,2018-05-30,WATER,312
S001168,2018 HON. JOHN P. SARBANES,OFFICIAL EXPENSES OF MEMBERS,SUPPLIES AND MATERIALS,DETAIL,2018-06-22,AP,998263,DEER PARK,2018-05-31,2018-05-31,WATER,144.82
S001176,2018 HON. STEVE SCALISE,OFFICIAL EXPENSES OF MEMBERS,SUPPLIES AND MATERIALS,DETAIL,2018-05-08,AP,E0622115,QUENCH,2018-05-01,2018-07-31,WATER,107.87
S001145,2018 HON. JANICE D. SCHAKOWSKY,OFFICIAL EXPENSES OF MEMBERS,SUPPLIES AND MATERIALS,DETAIL,2018-05-23,AP,992636,DEER PARK,2018-04-30,2018-04-30,WATER,184.84
S001145,2018 HON. JANICE D. SCHAKOWSKY,OFFICIAL EXPENSES OF MEMBERS,SUPPLIES AND MATERIALS,DETAIL,2018-06-22,AP,998263,DEER PARK,2018-05-31,2018-05-31,WATER,101.32
S001150,2018 HON. ADAM B. SCHIFF,OFFICIAL EXPENSES OF MEMBERS,SUPPLIES AND MATERIALS,DETAIL,2018-05-09,AP,E0622759,SPARKLETTS & SIERRA SPRINGS,2018-03-22,2018-04-18,WATER,106.63
S001180,2018 HON. KURT SCHRADER,OFFICIAL EXPENSES OF MEMBERS,SUPPLIES AND MATERIALS,DETAIL,2018-04-03,AP,E0612932,READYREFRESH BY NESTLE,2018-02-23,2018-03-22,WATER,186.54
S001183,2018 HON. DAVID SCHWEIKERT,OFFICIAL EXPENSES OF MEMBERS,SUPPLIES AND MATERIALS,DETAIL,2018-06-25,AP,E0636275,QUENCH USA LLC,2018-01-01,2018-03-31,WATER,102
S000185,"2018 HON. ROBERT C. ""BOBBY"" SCOTT",OFFICIAL EXPENSES OF MEMBERS,SUPPLIES AND MATERIALS,DETAIL,2018-04-14,AP,982232,DEER PARK,2018-03-31,2018-03-31,WATER,105.85
S000185,"2018 HON. ROBERT C. ""BOBBY"" SCOTT",OFFICIAL EXPENSES OF MEMBERS,SUPPLIES AND MATERIALS,DETAIL,2018-05-23,AP,992636,DEER PARK,2018-04-30,2018-04-30,WATER,105.85
S000185,"2018 HON. ROBERT C. ""BOBBY"" SCOTT",OFFICIAL EXPENSES OF MEMBERS,SUPPLIES AND MATERIALS,DETAIL,2018-06-22,AP,998263,DEER PARK,2018-05-31,2018-05-31,WATER,105.85
S000244,2018 HON. F. JAMES SENSENBRENNER  JR.,OFFICIAL EXPENSES OF MEMBERS,SUPPLIES AND MATERIALS,DETAIL,2018-06-22,AP,998263,DEER PARK,2018-05-31,2018-05-31,WATER,128.85
S001154,2018 HON. BILL SHUSTER,OFFICIAL EXPENSES OF MEMBERS,SUPPLIES AND MATERIALS,DETAIL,2018-04-24,AP,E0619106,CRYSTAL SPRINGS,2018-03-20,2018-04-12,WATER,134.87
S001154,2018 HON. BILL SHUSTER,OFFICIAL EXPENSES OF MEMBERS,SUPPLIES AND MATERIALS,DETAIL,2018-05-24,AP,E0626946,CRYSTAL SPRINGS,2018-04-17,2018-05-10,WATER,140.83
S001154,2018 HON. BILL SHUSTER,OFFICIAL EXPENSES OF MEMBERS,SUPPLIES AND MATERIALS,DETAIL,2018-06-20,AP,E0635111,CRYSTAL SPRINGS,2018-05-15,2018-06-07,WATER,112.16
S001191,2018 HON. KYRSTEN SINEMA,OFFICIAL EXPENSES OF MEMBERS,SUPPLIES AND MATERIALS,DETAIL,2018-04-02,AP,E0612741,IMC WATER COOLERS,2018-03-04,2018-12-15,WATER,130
S001165,2018 HON. ALBIO SIRES,OFFICIAL EXPENSES OF MEMBERS,SUPPLIES AND MATERIALS,DETAIL,2018-04-26,AP,E0619900,READYREFRESH BY NESTLE,2018-03-19,2018-04-18,WATER,133.82
S001165,2018 HON. ALBIO SIRES,OFFICIAL EXPENSES OF MEMBERS,SUPPLIES AND MATERIALS,DETAIL,2018-06-06,AP,E0629446,READYREFRESH BY NESTLE,2018-04-19,2018-05-18,WATER,155.78
S000480,2018 HON. LOUISE SLAUGHTER,OFFICIAL EXPENSES OF MEMBERS,SUPPLIES AND MATERIALS,DETAIL,2018-06-22,AP,998263,DEER PARK,2018-05-31,2018-05-31,WATER,272.87
S000522,2018 HON. CHRISTOPHER H. SMITH,OFFICIAL EXPENSES OF MEMBERS,SUPPLIES AND MATERIALS,DETAIL,2018-04-05,AP,E0613041,IMC WATER COOLERS,2018-02-13,2018-02-13,WATER,150
S000522,2018 HON. CHRISTOPHER H. SMITH,OFFICIAL EXPENSES OF MEMBERS,SUPPLIES AND MATERIALS,DETAIL,2018-04-23,AP,E0618051,WATCHUNG SPRING WATER,2018-03-15,2018-04-11,WATER,132.06
S000583,2018 HON. LAMAR SMITH,OFFICIAL EXPENSES OF MEMBERS,SUPPLIES AND MATERIALS,DETAIL,2018-06-22,AP,998263,DEER PARK,2018-05-31,2018-05-31,WATER,140.94
S001175,2018 HON. JACKIE SPEIER,OFFICIAL EXPENSES OF MEMBERS,SUPPLIES AND MATERIALS,DETAIL,2018-04-14,AP,982232,DEER PARK,2018-03-31,2018-03-31,WATER,100.89
S001175,2018 HON. JACKIE SPEIER,OFFICIAL EXPENSES OF MEMBERS,SUPPLIES AND MATERIALS,DETAIL,2018-06-22,AP,998263,DEER PARK,2018-05-31,2018-05-31,WATER,120.89
S001201,2018 HON. THOMAS R SUOZZI,OFFICIAL EXPENSES OF MEMBERS,SUPPLIES AND MATERIALS,DETAIL,2018-04-16,AP,983888,CITI PCARD-TST  CAVA MEZZE - CAPI,2018-03-01,2018-03-28,WATER,1536.6
T000460,2018 HON. MIKE THOMPSON,OFFICIAL EXPENSES OF MEMBERS,SUPPLIES AND MATERIALS,DETAIL,2018-06-18,AP,998270,CITI PCARD-DS SERVICES STANDARD C,2018-04-28,2018-05-28,WATER,104.29
T000474,2018 HON. NORMA J. TORRES,OFFICIAL EXPENSES OF MEMBERS,SUPPLIES AND MATERIALS,DETAIL,2018-05-09,AP,E0622743,SPARKLETTS & SIERRA SPRINGS,2018-02-01,2018-02-19,WATER,126.36
T000475,2018 HON. DAVID A. TROTT,OFFICIAL EXPENSES OF MEMBERS,SUPPLIES AND MATERIALS,DETAIL,2018-06-22,AP,998263,DEER PARK,2018-05-31,2018-05-31,WATER,138.97
T000463,2018 HON. MICHAEL R. TURNER,OFFICIAL EXPENSES OF MEMBERS,SUPPLIES AND MATERIALS,DETAIL,2018-05-16,AP,E0624672,QUENCH,2018-05-01,2018-07-31,WATER,123
U000031,2018 HON. FRED UPTON,OFFICIAL EXPENSES OF MEMBERS,SUPPLIES AND MATERIALS,DETAIL,2018-04-14,AP,982232,DEER PARK,2018-03-31,2018-03-31,WATER,139.93
U000031,2018 HON. FRED UPTON,OFFICIAL EXPENSES OF MEMBERS,SUPPLIES AND MATERIALS,DETAIL,2018-05-23,AP,992636,DEER PARK,2018-04-30,2018-04-30,WATER,218.87
U000031,2018 HON. FRED UPTON,OFFICIAL EXPENSES OF MEMBERS,SUPPLIES AND MATERIALS,DETAIL,2018-06-22,AP,998263,DEER PARK,2018-05-31,2018-05-31,WATER,233.87
U000031,2017 HON. FRED UPTON,OFFICIAL EXPENSES OF MEMBERS,SUPPLIES AND MATERIALS,DETAIL,2018-04-16,AP,983896,HANSON BEVERAGE SERVICE,2017-12-08,2017-12-08,WATER,122.5
V000129,2018 HON. DAVID G. VALADAO,OFFICIAL EXPENSES OF MEMBERS,SUPPLIES AND MATERIALS,DETAIL,2018-04-16,AP,983888,CITI PCARD-READYREFRESH BY NESTLE,2018-03-01,2018-03-28,WATER,191.69
V000130,2018 HON. JUAN VARGAS,OFFICIAL EXPENSES OF MEMBERS,SUPPLIES AND MATERIALS,DETAIL,2018-04-03,AP,E0612806,SPARKLETTS & SIERRA SPRINGS,2018-03-01,2018-03-15,WATER,133.89
V000130,2018 HON. JUAN VARGAS,OFFICIAL EXPENSES OF MEMBERS,SUPPLIES AND MATERIALS,DETAIL,2018-04-03,AP,E0612814,READYREFRESH BY NESTLE,2018-02-23,2018-03-22,WATER,116.81
V000130,2018 HON. JUAN VARGAS,OFFICIAL EXPENSES OF MEMBERS,SUPPLIES AND MATERIALS,DETAIL,2018-05-04,AP,E0621176,READYREFRESH BY NESTLE,2018-03-23,2018-04-22,WATER,107.82
V000130,2018 HON. JUAN VARGAS,OFFICIAL EXPENSES OF MEMBERS,SUPPLIES AND MATERIALS,DETAIL,2018-06-05,AP,E0629428,READYREFRESH BY NESTLE,2018-04-23,2018-05-22,WATER,128.81
V000081,2018 HON. NYDIA M. VELAZQUEZ,OFFICIAL EXPENSES OF MEMBERS,SUPPLIES AND MATERIALS,DETAIL,2018-04-27,AP,E0619953,READYREFRESH BY NESTLE,2018-02-23,2018-03-22,WATER,223.55
V000081,2018 HON. NYDIA M. VELAZQUEZ,OFFICIAL EXPENSES OF MEMBERS,SUPPLIES AND MATERIALS,DETAIL,2018-04-27,AP,E0619954,READYREFRESH BY NESTLE,2018-03-23,2018-04-22,WATER,171.82
V000081,2018 HON. NYDIA M. VELAZQUEZ,OFFICIAL EXPENSES OF MEMBERS,SUPPLIES AND MATERIALS,DETAIL,2018-06-05,AP,E0629665,READYREFRESH BY NESTLE,2018-04-23,2018-05-22,WATER,203.59
W000813,2018 HON. JACKIE WALORSKI,OFFICIAL EXPENSES OF MEMBERS,SUPPLIES AND MATERIALS,DETAIL,2018-06-05,AP,993173,QUENCH,2018-05-17,2018-05-17,WATER,367
W000797,2018 HON. DEBBIE WASSERMAN-SCHULTZ,OFFICIAL EXPENSES OF MEMBERS,SUPPLIES AND MATERIALS,DETAIL,2018-06-18,AP,998270,CITI PCARD-READYREFRESH BY NESTLE,2018-04-28,2018-05-28,WATER,248.95
W000187,2018 HON. MAXINE WATERS,OFFICIAL EXPENSES OF MEMBERS,SUPPLIES AND MATERIALS,DETAIL,2018-04-14,AP,982232,DEER PARK,2018-03-31,2018-03-31,WATER,105.99
W000187,2018 HON. MAXINE WATERS,OFFICIAL EXPENSES OF MEMBERS,SUPPLIES AND MATERIALS,DETAIL,2018-05-23,AP,992636,DEER PARK,2018-04-30,2018-04-30,WATER,107.4
W000187,2018 HON. MAXINE WATERS,OFFICIAL EXPENSES OF MEMBERS,SUPPLIES AND MATERIALS,DETAIL,2018-06-22,AP,998263,DEER PARK,2018-05-31,2018-05-31,WATER,128.16
W000800,2018 HON. PETER WELCH,OFFICIAL EXPENSES OF MEMBERS,SUPPLIES AND MATERIALS,DETAIL,2018-05-15,AP,E0623959,READYREFRESH BY NESTLE,2018-04-01,2018-04-30,WATER,131.57
W000815,2018 HON. BRAD R. WENSTRUP,OFFICIAL EXPENSES OF MEMBERS,SUPPLIES AND MATERIALS,DETAIL,2018-04-09,AP,E0614186,QUENCH,2018-04-01,2018-06-30,WATER,105
W000821,2018 HON. BRUCE WESTERMAN,OFFICIAL EXPENSES OF MEMBERS,SUPPLIES AND MATERIALS,DETAIL,2018-04-11,AP,E0615315,MOUNTAIN VALLEY WATER MID ATLANTIC,2018-03-28,2018-03-28,WATER,149.1
W000821,2018 HON. BRUCE WESTERMAN,OFFICIAL EXPENSES OF MEMBERS,SUPPLIES AND MATERIALS,DETAIL,2018-04-27,AP,E0620419,MOUNTAIN VALLEY WATER MID ATLANTIC,2018-04-25,2018-04-25,WATER,211.95
W000821,2018 HON. BRUCE WESTERMAN,OFFICIAL EXPENSES OF MEMBERS,SUPPLIES AND MATERIALS,DETAIL,2018-05-25,AP,992699,MOUNTAIN VALLEY WATER MID ATLANTIC,2018-05-23,2018-05-23,WATER,421.45
W000821,2018 HON. BRUCE WESTERMAN,OFFICIAL EXPENSES OF MEMBERS,SUPPLIES AND MATERIALS,DETAIL,2018-06-05,AP,992966,STONECIPHER DISTRIBUTORS INC,2018-05-16,2018-05-16,WATER,115.14
W000795,2018 HON. JOE WILSON,OFFICIAL EXPENSES OF MEMBERS,SUPPLIES AND MATERIALS,DETAIL,2018-05-29,AP,E0628496,CRYSTAL SPRINGS,2018-05-01,2018-05-15,WATER,116.42
Y000062,2018 HON. JOHN A. YARMUTH,OFFICIAL EXPENSES OF MEMBERS,SUPPLIES AND MATERIALS,DETAIL,2018-05-16,AP,992225,CITI PCARD-TYLER MOUNTAIN WATER,2018-03-29,2018-04-27,WATER,113.85
Y000063,2018 HON. KEVIN YODER,OFFICIAL EXPENSES OF MEMBERS,SUPPLIES AND MATERIALS,DETAIL,2018-05-10,AP,E0623134,PURE WATER OF KANSAS CITY,2018-02-27,2018-02-27,WATER,114.79
Y000065,2017 HON. TED S. YOHO,OFFICIAL EXPENSES OF MEMBERS,SUPPLIES AND MATERIALS,DETAIL,2018-05-23,AP,E0625316,QUENCH,2017-05-02,2017-05-02,WATER,150
Z000017,2018 HON. LEE M. ZELDIN,OFFICIAL EXPENSES OF MEMBERS,SUPPLIES AND MATERIALS,DETAIL,2018-05-16,AP,992225,CITI PCARD-READYREFRESH BY NESTLE,2018-03-29,2018-04-27,WATER,137.65
Z000017,2018 HON. LEE M. ZELDIN,OFFICIAL EXPENSES OF MEMBERS,SUPPLIES AND MATERIALS,DETAIL,2018-06-18,AP,998270,CITI PCARD-READYREFRESH BY NESTLE,2018-04-28,2018-05-28,WATER,330.01
,FISCAL YEAR 2018 COMMITTEE ON APPROPRIATIONS,APPROPRIATIONS COMMITTEE,SUPPLIES AND MATERIALS,DETAIL,2018-04-14,AP,982232,DEER PARK,2018-03-31,2018-03-31,WATER,925.08
,FISCAL YEAR 2018 COMMITTEE ON APPROPRIATIONS,APPROPRIATIONS COMMITTEE,SUPPLIES AND MATERIALS,DETAIL,2018-05-23,AP,992636,DEER PARK,2018-04-30,2018-04-30,WATER,1293.51
,FISCAL YEAR 2018 COMMITTEE ON APPROPRIATIONS,APPROPRIATIONS COMMITTEE,SUPPLIES AND MATERIALS,DETAIL,2018-06-22,AP,998263,DEER PARK,2018-05-31,2018-05-31,WATER,1007.41
,2018 COMMITTEE ON BUDGET,GENERAL EXPENDITURES,SUPPLIES AND MATERIALS,DETAIL,2018-04-20,AP,E0617882,READYREFRESH BY NESTLE,2018-01-27,2018-02-26,WATER,340.92
,2018 COMMITTEE ON BUDGET,GENERAL EXPENDITURES,SUPPLIES AND MATERIALS,DETAIL,2018-06-07,AP,E0631048,READYREFRESH BY NESTLE,2018-04-27,2018-05-26,WATER,240
,2018 COMMITTEE ON BUDGET,GENERAL EXPENDITURES,SUPPLIES AND MATERIALS,DETAIL,2018-06-11,AP,E0631042,READYREFRESH BY NESTLE,2018-03-27,2018-04-26,WATER,282.72
,2018 COMMITTEE ON AGRICULTURE,GENERAL EXPENDITURES,SUPPLIES AND MATERIALS,DETAIL,2018-04-14,AP,982232,DEER PARK,2018-03-31,2018-03-31,WATER,213.76
,2018 COMMITTEE ON AGRICULTURE,GENERAL EXPENDITURES,SUPPLIES AND MATERIALS,DETAIL,2018-04-27,AP,E0619944,WATERLOGIC EAST LLC,2018-01-01,2018-12-31,WATER,982.24
,2018 COMMITTEE ON AGRICULTURE,GENERAL EXPENDITURES,SUPPLIES AND MATERIALS,DETAIL,2018-05-23,AP,992636,DEER PARK,2018-04-30,2018-04-30,WATER,319.56
,2018 COMMITTEE ON AGRICULTURE,GENERAL EXPENDITURES,SUPPLIES AND MATERIALS,DETAIL,2018-06-22,AP,998263,DEER PARK,2018-05-31,2018-05-31,WATER,351.54
,2018 ARMED SERVICES COMMITTEE,GENERAL EXPENDITURES,SUPPLIES AND MATERIALS,DETAIL,2018-04-18,AP,E0616940,HAGUE QUALITY WATER OF MD INC,2018-02-24,2018-03-23,WATER,126
,2018 ARMED SERVICES COMMITTEE,GENERAL EXPENDITURES,SUPPLIES AND MATERIALS,DETAIL,2018-04-27,AP,E0620398,HAGUE QUALITY WATER OF MD INC,2018-04-24,2018-05-23,WATER,126
,2018 ARMED SERVICES COMMITTEE,GENERAL EXPENDITURES,SUPPLIES AND MATERIALS,DETAIL,2018-05-29,AP,E0627970,READYREFRESH BY NESTLE,2018-04-01,2018-04-30,WATER,123.88
,2018 ARMED SERVICES COMMITTEE,GENERAL EXPENDITURES,SUPPLIES AND MATERIALS,DETAIL,2018-06-07,AP,E0631653,HAGUE QUALITY WATER OF MD INC,2018-05-24,2018-06-23,WATER,126
,2018 ARMED SERVICES COMMITTEE,GENERAL EXPENDITURES,SUPPLIES AND MATERIALS,DETAIL,2018-06-27,AP,E0636827,HAGUE QUALITY WATER OF MD INC,2018-06-24,2018-07-23,WATER,126
,2018 COMMITTEE ON FINANCIAL SERVICE,GENERAL EXPENDITURES,SUPPLIES AND MATERIALS,DETAIL,2018-04-14,AP,982232,DEER PARK,2018-03-31,2018-03-31,WATER,625.4
,2018 COMMITTEE ON FINANCIAL SERVICE,GENERAL EXPENDITURES,SUPPLIES AND MATERIALS,DETAIL,2018-05-23,AP,992636,DEER PARK,2018-04-30,2018-04-30,WATER,439.58
,2018 COMMITTEE ON FINANCIAL SERVICE,GENERAL EXPENDITURES,SUPPLIES AND MATERIALS,DETAIL,2018-06-22,AP,998263,DEER PARK,2018-05-31,2018-05-31,WATER,596.43
,2018 COMM ON EDUCATION & WORKFORCE,GENERAL EXPENDITURES,SUPPLIES AND MATERIALS,DETAIL,2018-04-16,AP,E0616100,READYREFRESH BY NESTLE,2018-03-01,2018-03-31,WATER,310.45
,2018 COMM ON EDUCATION & WORKFORCE,GENERAL EXPENDITURES,SUPPLIES AND MATERIALS,DETAIL,2018-04-19,AP,E0617876,READYREFRESH BY NESTLE,2018-02-01,2018-02-28,WATER,147.66
,2018 COMM ON EDUCATION & WORKFORCE,GENERAL EXPENDITURES,SUPPLIES AND MATERIALS,DETAIL,2018-04-20,AP,E0617885,READYREFRESH BY NESTLE,2018-03-01,2018-03-31,WATER,196.59
,2018 COMM ON EDUCATION & WORKFORCE,GENERAL EXPENDITURES,SUPPLIES AND MATERIALS,DETAIL,2018-05-15,AP,E0624130,READYREFRESH BY NESTLE,2018-04-01,2018-04-30,WATER,200.65
,2018 COMM ON EDUCATION & WORKFORCE,GENERAL EXPENDITURES,SUPPLIES AND MATERIALS,DETAIL,2018-05-30,AP,E0627809,READYREFRESH BY NESTLE,2018-04-01,2018-04-30,WATER,241.57
,2018 COMM ON EDUCATION & WORKFORCE,GENERAL EXPENDITURES,SUPPLIES AND MATERIALS,DETAIL,2018-06-29,AP,E0637037,QUENCH,2018-07-01,2018-09-30,WATER,149.91
,2018 COMMITTEE ON ENERGY & COMMERCE,GENERAL EXPENDITURES,SUPPLIES AND MATERIALS,DETAIL,2018-04-14,AP,E0614844,READYREFRESH BY NESTLE,2018-03-01,2018-03-31,WATER,476.82
,2018 COMMITTEE ON ENERGY & COMMERCE,GENERAL EXPENDITURES,SUPPLIES AND MATERIALS,DETAIL,2018-04-18,AP,E0616484,READYREFRESH BY NESTLE,2018-03-01,2018-03-31,WATER,1015.06
,2018 COMMITTEE ON ENERGY & COMMERCE,GENERAL EXPENDITURES,SUPPLIES AND MATERIALS,DETAIL,2018-05-10,AP,E0623167,READYREFRESH BY NESTLE,2018-04-01,2018-04-30,WATER,485.81
,2018 COMMITTEE ON ENERGY & COMMERCE,GENERAL EXPENDITURES,SUPPLIES AND MATERIALS,DETAIL,2018-05-22,AP,E0626874,READYREFRESH BY NESTLE,2018-04-01,2018-04-30,WATER,205.98
,2018 COMMITTEE ON ENERGY & COMMERCE,GENERAL EXPENDITURES,SUPPLIES AND MATERIALS,DETAIL,2018-06-13,AP,E0631651,ARROWHEAD DIRECT,2018-05-01,2018-05-31,WATER,491.81
,2018 COMMITTEE ON ENERGY & COMMERCE,GENERAL EXPENDITURES,SUPPLIES AND MATERIALS,DETAIL,2018-06-20,AP,E0634398,READYREFRESH BY NESTLE,2018-05-01,2018-05-31,WATER,929.69
,2018 COMM ON OVRSIGHT & GOVT REFORM,GENERAL EXPENDITURES,SUPPLIES AND MATERIALS,DETAIL,2018-04-14,AP,982232,DEER PARK,2018-03-31,2018-03-31,WATER,419.58
,2018 COMM ON OVRSIGHT & GOVT REFORM,GENERAL EXPENDITURES,SUPPLIES AND MATERIALS,DETAIL,2018-05-23,AP,992636,DEER PARK,2018-04-30,2018-04-30,WATER,343.58
,2018 COMM ON OVRSIGHT & GOVT REFORM,GENERAL EXPENDITURES,SUPPLIES AND MATERIALS,DETAIL,2018-06-20,AP,E0634638,READYREFRESH BY NESTLE,2018-05-01,2018-05-31,WATER,103.09
,2018 COMM ON OVRSIGHT & GOVT REFORM,GENERAL EXPENDITURES,SUPPLIES AND MATERIALS,DETAIL,2018-06-22,AP,998263,DEER PARK,2018-05-31,2018-05-31,WATER,639.37
,2018 HOUSE ADMINISTRATION,GENERAL EXPENDITURES,SUPPLIES AND MATERIALS,DETAIL,2018-04-14,AP,982232,DEER PARK,2018-03-31,2018-03-31,WATER,172.67
,2018 HOUSE ADMINISTRATION,GENERAL EXPENDITURES,SUPPLIES AND MATERIALS,DETAIL,2018-06-22,AP,998263,DEER PARK,2018-05-31,2018-05-31,WATER,172.67
,2018 COMMITTEE ON NATURAL RESOURCES,GENERAL EXPENDITURES,SUPPLIES AND MATERIALS,DETAIL,2018-04-14,AP,982232,DEER PARK,2018-03-31,2018-03-31,WATER,481.49
,2018 COMMITTEE ON NATURAL RESOURCES,GENERAL EXPENDITURES,SUPPLIES AND MATERIALS,DETAIL,2018-05-23,AP,992636,DEER PARK,2018-04-30,2018-04-30,WATER,351.68
,2018 COMMITTEE ON NATURAL RESOURCES,GENERAL EXPENDITURES,SUPPLIES AND MATERIALS,DETAIL,2018-06-22,AP,998263,DEER PARK,2018-05-31,2018-05-31,WATER,416.59
,2018 COMMITTEE ON FOREIGN AFFAIRS,GENERAL EXPENDITURES,SUPPLIES AND MATERIALS,DETAIL,2018-05-14,AP,E0623434,READYREFRESH BY NESTLE,2018-03-01,2018-03-31,WATER,818.14
,2018 COMMITTEE ON FOREIGN AFFAIRS,GENERAL EXPENDITURES,SUPPLIES AND MATERIALS,DETAIL,2018-05-22,AP,E0626581,READYREFRESH BY NESTLE,2018-04-01,2018-04-30,WATER,764.2
,2018 COMMITTEE ON FOREIGN AFFAIRS,GENERAL EXPENDITURES,SUPPLIES AND MATERIALS,DETAIL,2018-06-26,AP,E0635980,READYREFRESH BY NESTLE,2018-05-01,2018-05-31,WATER,1059.55
,2018 COMMITTEE ON JUDICIARY,GENERAL EXPENDITURES,SUPPLIES AND MATERIALS,DETAIL,2018-04-14,AP,982232,DEER PARK,2018-03-31,2018-03-31,WATER,521.31
,2018 COMMITTEE ON JUDICIARY,GENERAL EXPENDITURES,SUPPLIES AND MATERIALS,DETAIL,2018-05-23,AP,992636,DEER PARK,2018-04-30,2018-04-30,WATER,454.88
,2018 COMMITTEE ON JUDICIARY,GENERAL EXPENDITURES,SUPPLIES AND MATERIALS,DETAIL,2018-06-22,AP,998263,DEER PARK,2018-05-31,2018-05-31,WATER,455.34
,2018 TRANSPORTATION-INFRASTRUCTURE,GENERAL EXPENDITURES,SUPPLIES AND MATERIALS,DETAIL,2018-04-14,AP,982232,DEER PARK,2018-03-31,2018-03-31,WATER,521.65
,2018 TRANSPORTATION-INFRASTRUCTURE,GENERAL EXPENDITURES,SUPPLIES AND MATERIALS,DETAIL,2018-05-23,AP,992636,DEER PARK,2018-04-30,2018-04-30,WATER,505.67
,2018 TRANSPORTATION-INFRASTRUCTURE,GENERAL EXPENDITURES,SUPPLIES AND MATERIALS,DETAIL,2018-06-22,AP,998263,DEER PARK,2018-05-31,2018-05-31,WATER,670.46
,2018 COMMITTEE ON RULES,GENERAL EXPENDITURES,SUPPLIES AND MATERIALS,DETAIL,2018-04-26,AP,E0619470,HAGUE QUALITY WATER OF MD INC,2018-01-03,2019-01-02,WATER,2172
,2018 COMM ON SCIENCE  SPACE & TECH,GENERAL EXPENDITURES,SUPPLIES AND MATERIALS,DETAIL,2018-04-04,AP,E0613413,READYREFRESH BY NESTLE,2018-03-01,2018-03-31,WATER,164.78
,2018 COMM ON SCIENCE  SPACE & TECH,GENERAL EXPENDITURES,SUPPLIES AND MATERIALS,DETAIL,2018-05-09,AP,E0622813,READYREFRESH BY NESTLE,2018-04-01,2018-04-30,WATER,230.74
,2018 COMM ON SCIENCE  SPACE & TECH,GENERAL EXPENDITURES,SUPPLIES AND MATERIALS,DETAIL,2018-06-08,AP,E0631067,READYREFRESH BY NESTLE,2018-05-01,2018-05-31,WATER,113.87
,2018 COMMITTEE ON ETHICS,GENERAL EXPENDITURES,SUPPLIES AND MATERIALS,DETAIL,2018-04-14,AP,982232,DEER PARK,2018-03-31,2018-03-31,WATER,276.54
,2018 COMMITTEE ON ETHICS,GENERAL EXPENDITURES,SUPPLIES AND MATERIALS,DETAIL,2018-05-23,AP,992636,DEER PARK,2018-04-30,2018-04-30,WATER,262.6
,2018 COMMITTEE ON ETHICS,GENERAL EXPENDITURES,SUPPLIES AND MATERIALS,DETAIL,2018-06-22,AP,998263,DEER PARK,2018-05-31,2018-05-31,WATER,291.54
,2018 VETERANS' AFFAIRS,GENERAL EXPENDITURES,SUPPLIES AND MATERIALS,DETAIL,2018-04-14,AP,982232,DEER PARK,2018-03-31,2018-03-31,WATER,113.84
,2018 INTELLIGENCE,GENERAL EXPENDITURES,SUPPLIES AND MATERIALS,DETAIL,2018-04-14,AP,982232,DEER PARK,2018-03-31,2018-03-31,WATER,167.8
,2018 INTELLIGENCE,GENERAL EXPENDITURES,SUPPLIES AND MATERIALS,DETAIL,2018-05-23,AP,992636,DEER PARK,2018-04-30,2018-04-30,WATER,167.8
,2018 HOMELAND SECURITY,GENERAL EXPENDITURES,SUPPLIES AND MATERIALS,DETAIL,2018-04-14,AP,982232,DEER PARK,2018-03-31,2018-03-31,WATER,395.21
,2018 HOMELAND SECURITY,GENERAL EXPENDITURES,SUPPLIES AND MATERIALS,DETAIL,2018-04-16,AP,983888,CITI PCARD-ROYAL CUP INC,2018-03-01,2018-03-28,WATER,375
,2018 HOMELAND SECURITY,GENERAL EXPENDITURES,SUPPLIES AND MATERIALS,DETAIL,2018-05-16,AP,992225,CITI PCARD-ROYAL CUP INC,2018-03-29,2018-04-27,WATER,375
,2018 HOMELAND SECURITY,GENERAL EXPENDITURES,SUPPLIES AND MATERIALS,DETAIL,2018-05-23,AP,992636,DEER PARK,2018-04-30,2018-04-30,WATER,293.38
,2018 HOMELAND SECURITY,GENERAL EXPENDITURES,SUPPLIES AND MATERIALS,DETAIL,2018-06-18,AP,998270,CITI PCARD-ROYAL CUP INC,2018-04-28,2018-05-28,WATER,375
,2018 HOMELAND SECURITY,GENERAL EXPENDITURES,SUPPLIES AND MATERIALS,DETAIL,2018-06-22,AP,998263,DEER PARK,2018-05-31,2018-05-31,WATER,258.48
,2017 HOMELAND SECURITY,GENERAL EXPENDITURES,SUPPLIES AND MATERIALS,DETAIL,2018-04-04,AP,981689,CITIBANK P CARD,2017-12-29,2018-01-26,WATER,1128.44
,FISCAL YEAR 2018 OFFICE OF ATTENDING PHYSICIAN,NON - PERSONNEL,SUPPLIES AND MATERIALS,DETAIL,2018-04-14,AP,982232,DEER PARK,2018-03-31,2018-03-31,WATER,488.09
,FISCAL YEAR 2018 OFFICE OF ATTENDING PHYSICIAN,NON - PERSONNEL,SUPPLIES AND MATERIALS,DETAIL,2018-05-23,AP,992636,DEER PARK,2018-04-30,2018-04-30,WATER,471.21
,FISCAL YEAR 2018 OFFICE OF ATTENDING PHYSICIAN,NON - PERSONNEL,SUPPLIES AND MATERIALS,DETAIL,2018-06-22,AP,998263,DEER PARK,2018-05-31,2018-05-31,WATER,427.22
,FISCAL YEAR 2018 JOINT COMMMITTEE ON TAXATION,NON - PERSONNEL,SUPPLIES AND MATERIALS,DETAIL,2018-04-14,AP,982232,DEER PARK,2018-03-31,2018-03-31,WATER,288.79
,FISCAL YEAR 2018 JOINT COMMMITTEE ON TAXATION,NON - PERSONNEL,SUPPLIES AND MATERIALS,DETAIL,2018-05-23,AP,992636,DEER PARK,2018-04-30,2018-04-30,WATER,423.64
,FISCAL YEAR 2018 JOINT COMMMITTEE ON TAXATION,NON - PERSONNEL,SUPPLIES AND MATERIALS,DETAIL,2018-06-22,AP,998263,DEER PARK,2018-05-31,2018-05-31,WATER,375.63
